{
    "version": "1.0.0.1",
    "active": true,
    "visible_responsive": false,
    "ordering_spinner": "<div style=\"position: relative;\"><div style=\"padding: 10px;background: white;font-size: 16px;\">ordering...</div></div>",
    "ordering_action": "<div style=\"position: relative;\"><div style=\"padding: 10px;background: white;font-size: 16px;\">ordering...</div></div>",
    "ordering_message": "<div style=\"position: relative;\"><div style=\"padding: 10px;background: white;font-size: 16px;\">ordering...</div></div>",
    "ordering_extra": {
        "collection": [
            {
                "id": "files",
                "selected": false,
                "code": "<div style=\"position: relative;width:200px;height:200px;border-radius:10px;margin:10px;border: 1px dashed #084a79;text-align: center;display: flex;justify-content: center;align-content: center;align-itmes: center;margin: 0 auto 10px auto;align-items: center;\"><div style=\"padding: 10px;background: white;font-size: 16px;\">disclaimer 1...</div></div>"
            },
            {
                "id": "redirecting",
                "selected": false,
                "code": "<div style=\"position: relative;width:200px;height:200px;border-radius:10px;margin:10px;border: 1px dashed #084a79;text-align: center;display: flex;justify-content: center;align-content: center;align-itmes: center;margin: 0 auto 10px auto;align-items: center;\"><div style=\"padding: 10px;background: white;font-size: 16px;\">disclaimer 3...</div></div>"
            },
            {
                "id": "addToCart",
                "selected": false,
                "code": "<div style=\"position: relative;width:200px;height:200px;border-radius:10px;margin:10px;border: 1px dashed #084a79;text-align: center;display: flex;justify-content: center;align-content: center;align-itmes: center;margin: 0 auto 10px auto;align-items: center;\"><div style=\"padding: 10px;background: white;font-size: 16px;\">disclaimer 2...</div></div>"
            }
        ]
    },
    "addToCartId": 15887,
    "gestor": {
        "options": [
            {
                "type": "uploader",
                "rot": {
                    "text": "GESTOR.ITEMS.ADDDOC.TITLE",
                    "style": {
                        "font-size": "16px",
                        "text-transform": "uppercase"
                    }
                },
                "style": {
                    "background": "#eef8ff"
                },
                "options": [],
                "active": true,
                "id": "uploader"
            },
            {
                "type": "counter",
                "rot": {
                    "text": "GESTOR.ITEMS.COPIESNUMBER.TITLE",
                    "style": {
                        "font-size": ".75rem",
                        "text-transform": "uppercase",
                        "font-weight": "500"
                    },
                    "description": {
                        "text": "prueba",
                        "style": {
                            "font-size": ".52rem",
                            "font-weight:": "400",
                            "text-align": "center"
                        }
                    }
                },
                "orientation": "horizontal",
                "options": [],
                "value": 1,
                "info": {
                    "visible": true,
                    "content": "<div style=\"position: relative;\"><div style=\"padding: 10px;background: white;border-radius: 50%;border: 1px dashed;font-size: 16px;position: absolute;top: -14px;z-index: 4;width: 5px;height: 5px;right: -15px;display: flex;justify-content: center;align-items: center;\">x</div><div style=\"padding: 10px;background: white;border-radius: 4px;border: 1px dashed;font-size: 16px;\">bla bla bla</div></div>"
                },
                "active": "true",
                "id": "copies"
            },
            {
                "rot": {
                    "text": "GESTOR.ITEMS.COLOR.TITLE",
                    "style": {}
                },
                "orientation": "vertical",
                "perRow": 2,
                "options": [
                    {
                        "rot": {
                            "text": "GESTOR.ITEMS.COLOR.OPTIONS.OPTION1.TITLE",
                            "style": {},
                            "description": {
                                "text": "prueba"
                            }
                        },
                        "icon": {
                            "style": {
                                "-webkit-mask": "url('https://digicopy.com.es/wp-content/plugins/Custom-Plugin-Digicopy-Online/app/assets/images/icon-ui-document-pdf.svg') no-repeat 0 0",
                                "mask": "url('https://digicopy.com.es/wp-content/plugins/Custom-Plugin-Digicopy-Online/app/assets/images/icon-ui-document-pdf.svg') no-repeat 0 0",
                                "-webkit-mask-size": "cover",
                                "mask-size": "cover",
                                "display": "none"
                            }
                        },
                        "className": "test",
                        "selected": true,
                        "perPage": false,
                        "unique": true,
                        "cost": "0",
                        "active": true,
                        "id": "B/N"
                    },
                    {
                        "rot": {
                            "text": "GESTOR.ITEMS.COLOR.OPTIONS.OPTION2.TITLE",
                            "style": {
                                "font-size": ".75rem",
                                "text-transform": "uppercase",
                                "font-weight": "500"
                            },
                            "description": {
                                "text": "prueba",
                                "style": {
                                    "font-size": ".52rem",
                                    "font-weight": "400",
                                    "text-align": "center"
                                }
                            }
                        },
                        "selected": false,
                        "perPage": false,
                        "unique": true,
                        "cost": ".7",
                        "active": true,
                        "icon": {
                            "style": {
                                "display": "none"
                            }
                        },
                        "id": "color"
                    }
                ],
                "active": true,
                "id": "color-BN"
            },
            {
                "rot": {
                    "text": "GESTOR.ITEMS.PAPERTYPE.TITLE",
                    "style": {}
                },
                "perRow": 2,
                "options": [
                    {
                        "rot": {
                            "text": "A3",
                            "style": {}
                        },
                        "selected": true,
                        "active": true,
                        "related": {
                            "id": "gramaje"
                        },
                        "id": "A3",
                        "perPage": true,
                        "unique": false,
                        "cost": 0.1
                    },
                    {
                        "rot": {
                            "text": "A4",
                            "style": {},
                            "active": true
                        },
                        "active": true,
                        "related": {
                            "id": "gramaje",
                            "options": [
                                {
                                    "id": "gramaje-100gr"
                                }
                            ]
                        },
                        "id": "A4"
                    },
                    {
                        "rot": {
                            "text": "A5",
                            "style": {}
                        },
                        "id": "A5",
                        "active": true,
                        "related": {
                            "id": "gramaje"
                        }
                    }
                ],
                "info": {
                    "visible": true,
                    "content": "<div style=\"position: relative;\"><div style=\"padding: 10px;background: white;border-radius: 50%;border: 1px dashed;font-size: 16px;position: absolute;top: -14px;z-index: 4;width: 5px;height: 5px;right: -15px;display: flex;justify-content: center;align-items: center;\">x</div><div style=\"padding: 10px;background: white;border-radius: 4px;border: 1px dashed;font-size: 16px;\">bla bla bla</div></div>"
                },
                "active": true,
                "id": "paper-type"
            },
            {
                "rot": {
                    "text": "gramaje"
                },
                "id": "gramaje",
                "active": true,
                "options": [
                    {
                        "active": true,
                        "rot": {
                            "text": "80GR"
                        },
                        "id": "gramaje-80gr",
                        "selected": true,
                        "perPage": true,
                        "unique": false,
                        "cost": 0
                    },
                    {
                        "active": true,
                        "id": "gramaje-100gr",
                        "rot": {
                            "text": "100gr"
                        }
                    },
                    {
                        "active": true,
                        "id": "gramaje-cartulina",
                        "rot": {
                            "text": "cartulina"
                        }
                    }
                ]
            },
            {
                "rot": {
                    "text": "GESTOR.ITEMS.FACES.TITLE",
                    "style": {}
                },
                "perRow": 2,
                "options": [
                    {
                        "rot": {
                            "text": "GESTOR.ITEMS.FACES.OPTIONS.OPTION1.TITLE",
                            "style": {}
                        },
                        "selected": true
                    },
                    {
                        "rot": {
                            "text": "GESTOR.ITEMS.FACES.OPTIONS.OPTION2.TITLE",
                            "style": {}
                        }
                    }
                ],
                "active": true
            },
            {
                "rot": {
                    "text": "GESTOR.ITEMS.MULTIPLEPAGES.TITLE",
                    "style": {}
                },
                "perRow": 3,
                "options": [
                    {
                        "rot": {
                            "text": "GESTOR.ITEMS.MULTIPLEPAGES.OPTIONS.OPTION1.TITLE",
                            "style": {}
                        },
                        "selected": true
                    },
                    {
                        "rot": {
                            "text": "GESTOR.ITEMS.MULTIPLEPAGES.OPTIONS.OPTION2.TITLE",
                            "style": {}
                        }
                    },
                    {
                        "rot": {
                            "text": "GESTOR.ITEMS.MULTIPLEPAGES.OPTIONS.OPTION3.TITLE",
                            "style": {}
                        }
                    }
                ],
                "active": true
            },
            {
                "rot": {
                    "text": "GESTOR.ITEMS.ORIENTATION.TITLE",
                    "style": {}
                },
                "perRow": 2,
                "options": [
                    {
                        "rot": {
                            "text": "GESTOR.ITEMS.ORIENTATION.OPTIONS.OPTION1.TITLE",
                            "style": {}
                        },
                        "selected": true
                    },
                    {
                        "rot": {
                            "text": "GESTOR.ITEMS.ORIENTATION.OPTIONS.OPTION2.TITLE",
                            "style": {}
                        }
                    }
                ],
                "active": true
            },
            {
                "type": "FINISHED",
                "rot": {
                    "text": "GESTOR.ITEMS.FINISHED.TITLE",
                    "style": {}
                },
                "perRow": 3,
                "options": [
                    {
                        "rot": {
                            "text": "GESTOR.ITEMS.FINISHED.OPTIONS.OPTION2.TITLE",
                            "style": {}
                        },
                        "perPage": false,
                        "unique": true,
                        "cost": "0",
                        "id": "stapled",
                        "active": true,
                        "selected": true,
                        "related-section": "stapling-orientation"
                    },
                    {
                        "rot": {
                            "text": "espiral",
                            "style": {}
                        },
                        "perPage": false,
                        "unique": true,
                        "cost": "0",
                        "id": "espiral",
                        "active": true,
                        "related-section": "spiral-orientation"
                    }
                ],
                "active": true,
                "id": "finished"
            },
            {
                "id": "stapling-orientation",
                "rot": {
                    "text": "orientación grapado"
                },
                "options": [
                    {
                        "id": "superior",
                        "perPage": false,
                        "unique": true,
                        "cost": 0.5,
                        "rot": {
                            "text": "arriba"
                        },
                        "active": true,
                        "selected": true
                    }
                ],
                "active": true
            },
            {
                "id": "spiral-orientation",
                "rot": {
                    "text": "orientación espiral"
                },
                "options": [
                    {
                        "id": "superior",
                        "active": true,
                        "selected": true,
                        "rot": {
                            "text": "superior"
                        },
                        "unique": true,
                        "cost": 1,
                        "perPage": false
                    }
                ]
            },
            {
                "rot": {
                    "text": "GESTOR.ITEMS.COVER.TITLE",
                    "style": {}
                },
                "perRow": 2,
                "options": [
                    {
                        "rot": {
                            "text": "GESTOR.ITEMS.COVER.OPTIONS.OPTION1.TITLE",
                            "style": {}
                        },
                        "selected": true
                    },
                    {
                        "rot": {
                            "text": "GESTOR.ITEMS.COVER.OPTIONS.OPTION2.TITLE",
                            "style": {}
                        }
                    },
                    {
                        "rot": {
                            "text": "GESTOR.ITEMS.COVER.OPTIONS.OPTION3.TITLE",
                            "style": {}
                        }
                    },
                    {
                        "rot": {
                            "text": "GESTOR.ITEMS.COVER.OPTIONS.OPTION4.TITLE",
                            "style": {}
                        }
                    }
                ],
                "active": true
            },
            {
                "rot": {
                    "text": "GESTOR.ITEMS.EXTRA.TITLE",
                    "style": {}
                },
                "options": [],
                "active": false
            },
            {
                "type": "textarea",
                "rot": {
                    "text": "GESTOR.ITEMS.COMMENTS.TITLE"
                },
                "options": [],
                "active": true
            }
        ]
    },
    "prueba": "valor",
    "gestor_position": "right",
    "info_modal": {
        "info": {
            "style": "position: fixed;top: 0;left: 0;right: 0;bottom: 0;z-index: 9999;transition: all .5s;pointer-events:none;background-color: rgba(255, 255, 255, 0);"
        },
        "modal": {
            "style": "position: fixed;width: 60%;top: 60%;left: 50%;padding: 15px;text-align: center;background-color: #fafafa;box-sizing: border-box;opacity: 0;transform: translate(-50%, -50%);transition: all .5s;"
        },
        "modal_open": {
            "style": "position: fixed;width: 60%;top: 50%;left: 50%;padding: 15px;text-align: center;background-color: #fafafa;box-sizing: border-box;opacity: 1;transform: translate(-50%, -50%);transition: all .5s;"
        },
        "info_open": {
            "style": "position: fixed;top: 0;left: 0;right: 0;bottom: 0;z-index: 9999;transition: all .5s;pointer-events:unset;background-color: rgba(255, 255, 255, .4);"
        }
    },
    "ordering_disclaimers_aleatory": {
        "active": true,
        "collection": [
            {
                "code": "<div style='position: relative;width:200px;height:200px;border-radius:10px;margin:10px;border: 1px dashed #084a79;text-align: center;display: flex;justify-content: center;align-content: center;align-itmes: center;margin: 0 auto 10px auto;align-items: center;'><div style='padding: 10px;background: white;font-size: 16px;'>disclaimer 1...</div></div>"
            },
            {
                "code": "<div style='position: relative;width:200px;height:200px;border-radius:10px;margin:10px;border: 1px dashed #084a79;text-align: center;display: flex;justify-content: center;align-content: center;align-itmes: center;margin: 0 auto 10px auto;align-items: center;'><div style='padding: 10px;background: white;font-size: 16px;'>disclaimer 2...</div></div>"
            },
            {
                "code": "<div style='position: relative;width:200px;height:200px;border-radius:10px;margin:10px;border: 1px dashed #084a79;text-align: center;display: flex;justify-content: center;align-content: center;align-itmes: center;margin: 0 auto 10px auto;align-items: center;'><div style='padding: 10px;background: white;font-size: 16px;'>disclaimer 3...</div></div>"
            },
            {
                "code": "<div style='position: relative;width:200px;height:200px;border-radius:10px;margin:10px;border: 1px dashed #084a79;text-align: center;display: flex;justify-content: center;align-content: center;align-itmes: center;margin: 0 auto 10px auto;align-items: center;'><div style='padding: 10px;background: white;font-size: 16px;'>disclaimer 4...</div></div>"
            }
        ]
    },
    "min-spiral-pages": 5,
    "intro": {
        "active": true,
        "steps": [
            {
                "id": "step1",
                "code": "<div style=\"position: relative;\"><div style=\"padding: 10px;background: white;border-radius: 50%;border: 1px dashed;font-size: 16px;position: absolute;top: -14px;z-index: 4;width: 5px;height: 5px;right: -15px;display: flex;justify-content: center;align-items: center;\">x</div><div style=\"padding: 10px;background: white;border-radius: 4px;border: 1px dashed;font-size: 16px;\">intro</div></div>"
            }
        ],
        "visible": false
    },
    "rules": {
        "stapled": {
            "id": "stapled",
            "value": 2,
            "html": "<div style=' padding: 20px;     width: 50%;     height: auto;     border-radius: 10px;     background: #ffffffd1;     display: flex;     justify-content: center;     align-items: center;     box-shadow: 0px 0px 6px 0px rgba(8, 74, 121, 0.35);     border: 5px dashed #0095ff; '><div>El <strong>número de hojas máximo</strong> para aplicar acabado <strong>\"grapado\"</strong> es de <strong>2 páginas</strong>.</br>Selecciona otro acabado o reduce el número de páginas.</div></div>"
        }
    }
}